Price,Close,High,Low,Open,Volume
Ticker,SIEGY,SIEGY,SIEGY,SIEGY,SIEGY
Date,,,,,
2023-04-10,75.10752868652344,75.64220116672566,72.91049049619009,72.91049049619009,133200
2023-04-11,76.0116195678711,76.30325708168073,75.92412312194112,76.11855554798623,103500
2023-04-12,77.33373260498047,77.57676758184485,77.08097415232663,77.36289561550997,523000
2023-04-13,77.70314025878906,77.80035276261277,77.04208484921375,77.48926830027372,84900
2023-04-14,78.07255554199219,78.257264502405,77.68370550278068,77.93645654490034,91900
2023-04-17,78.25726318359375,78.2767027184911,77.7128672044007,77.8684057340963,225600
2023-04-18,78.58778381347656,78.68500373429724,78.09199781811652,78.48085525088335,69800
2023-04-19,78.01422882080078,78.22810079055516,77.82951986204218,77.85868287303795,67000
2023-04-20,77.5184326171875,78.10171506680622,77.22679510079752,77.22679510079752,68900
2023-04-21,77.57676696777344,77.87812796331134,77.03236358045609,77.03236358045609,262800
2023-04-24,78.32530975341797,78.34474928758873,77.81980027975304,78.04338829849071,105300
2023-04-25,77.9267349243164,78.77249185776533,77.91701144897833,78.44196786465622,121300
2023-04-26,77.65453338623047,78.44197175724223,77.51843439209784,78.20865283858153,82400
2023-04-27,79.2682876586914,79.297450668748,78.50029625423306,79.17107515288983,134900
2023-04-28,79.87101745605469,79.90989652509631,78.88915408388057,78.88915408388057,123200
2023-05-01,79.84185028076172,80.01683576593094,78.55862586180046,78.55862586180046,64600
2023-05-02,79.13218688964844,79.2002363838648,78.38363503642967,79.15162642363657,75100
2023-05-03,79.99739074707031,80.68760916435926,79.8807312926744,80.17237622024487,76100
2023-05-04,79.4724349975586,80.03627790663454,79.2585630377823,79.83212942234952,95100
2023-05-05,80.64872741699219,80.81398942446519,79.68631096641755,79.91962247207584,75600
2023-05-08,80.02655792236328,80.67788988875967,79.94878494871742,80.60984039102928,101600
2023-05-09,80.24042510986328,80.37652409721377,79.48215720409952,79.62797966678606,71500
2023-05-10,79.66686248779297,79.74463546046837,78.70444605566121,79.71547244992482,171000
2023-05-11,79.04469299316406,79.10302643068647,77.92673804025542,78.29614853264934,69000
2023-05-12,79.12246704101562,79.22940302494857,78.77249607847855,78.84054557581416,92300
2023-05-15,79.81268310546875,79.81268310546875,79.19051417217936,79.56964813412638,184400
2023-05-16,78.84054565429688,79.50160109343174,78.7238936112277,79.44327507189715,93600
2023-05-17,81.34866333007812,81.38754981428296,80.11404897813783,80.60011890544067,156800
2023-05-18,82.78743743896484,82.78743743896484,82.07777204859963,82.1944315066544,146700
2023-05-19,83.80818176269531,84.4206272433259,83.66235929106736,83.72069272982195,137800
2023-05-22,82.78743743896484,83.06935148312924,82.77771396325056,82.97213897650302,79100
2023-05-23,80.83343505859375,81.4847670187256,80.59040008091718,80.87232154504267,88800
2023-05-24,79.44327545166016,80.06544440713313,78.94748201572922,80.06544440713313,103800
2023-05-25,80.4931869506836,80.54178949573966,79.78352155794741,80.41541397838724,112200
2023-05-26,81.77641296386719,81.89306500780891,81.0667475569193,81.07647103286078,72900
2023-05-30,81.62086486816406,82.60272824092189,81.3097803977745,82.60272824092189,83100
2023-05-31,79.81268310546875,80.40568902889125,78.7627702492284,80.30847652372205,134000
2023-06-01,82.42774200439453,82.42774200439453,80.75566021012015,81.06674467764758,244100
2023-06-02,82.7777099609375,83.12768090134183,82.66105050852323,82.91380894700157,202300
2023-06-05,82.38885498046875,82.77771241654668,81.86389855428938,82.76798894101408,105500
2023-06-06,82.4569091796875,82.53468215470777,81.99027874640498,81.99027874640498,85300
2023-06-07,82.14582061767578,83.04018753548374,82.1263810833055,82.44718160986702,119600
2023-06-08,83.15684509277344,83.36099357477266,82.5055131620847,82.65132820862802,88300
2023-06-09,82.7291030883789,82.86520207952117,82.43746557171924,82.86520207952117,91100
2023-06-12,84.45951080322266,84.45951080322266,83.4873709151784,83.66235639169992,88400
2023-06-13,86.20936584472656,86.3260253017277,85.7038563647325,86.08299032893774,129900
2023-06-14,86.39407348632812,86.76348396930076,85.76218108329601,86.53988853431821,70600
2023-06-15,88.32862854003906,88.54250049657995,87.25927617417322,87.29816265871143,216300
2023-06-16,87.39537811279297,88.79525451924661,87.20094568353635,88.74665197456156,150800
2023-06-20,85.7621841430664,86.28714058507575,85.55803565175815,86.17048112568293,141200
2023-06-21,85.47053527832031,85.76218020499101,84.8872528418175,84.8872528418175,91100
2023-06-22,84.6344985961914,85.51914947860719,84.55673303981688,84.99419303467458,230900
2023-06-23,82.90409088134766,83.26378532046662,81.88334841926243,81.88334841926243,151600
2023-06-26,82.37913513183594,83.16657351419285,82.2235966006601,82.8360420830808,142000
2023-06-27,84.18731689453125,84.44979883043266,83.38043896837374,83.41932545579762,65000
2023-06-28,81.33894348144531,84.54700811141623,79.81268413833718,84.15815066886843,127500
2023-06-29,79.49187469482422,79.83212958616947,79.2294001907302,79.61825762595429,123700
2023-06-30,81.08618927001953,81.26116732462721,80.77509739470312,81.01813235966516,74400
2023-07-03,79.04469299316406,79.0641399446178,78.5294600322224,78.70444551111191,70400
2023-07-05,76.6921157836914,77.39205769533767,76.60462675315503,77.35317120948635,143000
2023-07-06,75.38945007324219,76.14771798703899,74.99086916546567,76.14771798703899,93200
2023-07-07,75.88523864746094,76.54629407985288,75.57415417438466,75.79774961605146,135400
2023-07-10,77.1490249633789,77.26568442432306,76.24493453736903,76.26437407244022,88200
2023-07-11,78.36419677734375,78.36419677734375,77.67397834853749,77.85867988336477,107100
2023-07-12,80.56123352050781,80.8723179815529,80.25986511801764,80.53206309432727,75000
2023-07-13,82.26248168945312,82.30136817579589,81.21256880871523,81.21256880871523,63600
2023-07-14,81.99027252197266,82.3985769014124,81.77640798216149,82.30136439843668,70500
2023-07-17,82.10693359375,82.19443003993946,81.40699169158914,81.52365114756219,85500
2023-07-18,82.14582061767578,82.16526015204606,81.30977971981743,81.39727616658057,92800
2023-07-19,80.59040069580078,81.30978215849721,80.36680525122324,81.17368316330705,661500
2023-07-20,81.46532440185547,82.2138688413706,81.20284248246543,81.88334484431782,311100
2023-07-21,81.81529998779297,82.08749798122894,81.4361585919768,81.73752701342868,422700
2023-07-24,81.10562896728516,81.46532338621587,80.97925345531205,81.13479197644523,74300
2023-07-25,81.56253814697266,81.65002717687486,80.6195612682201,80.6195612682201,57300
2023-07-26,81.39727783203125,81.75696485153155,80.5223504306919,80.5223504306919,72100
2023-07-27,82.22359466552734,83.53598204944979,82.20414771406365,83.03047256397672,56800
2023-07-28,82.55411529541016,82.89436276371941,81.95139332778763,81.9999958707812,69300
2023-07-31,82.94297790527344,83.62347288440472,82.75826894657823,83.54570732738901,60900
2023-08-01,80.41541290283203,80.5612353697276,80.02655546339011,80.50290193286612,103100
2023-08-02,78.41281127929688,79.0252567726752,78.24754185236439,78.85027128644722,221800
2023-08-03,77.84896087646484,78.2378182993751,77.32400446806176,77.60592591425073,87400
2023-08-04,78.88915252685547,79.9779444426629,78.69472010129081,78.99608850670637,67500
2023-08-07,79.5793685913086,79.5793685913086,78.74332772825413,78.81137722097537,86800
2023-08-08,78.04338836669922,78.07255137640017,77.18790794250371,77.78091386255198,85200
2023-08-09,78.0336685180664,78.67528442866333,77.85868303488897,78.52946195654229,109400
2023-08-10,73.86318969726562,75.38944897812769,73.86318969726562,74.91309510743551,306400
2023-08-11,73.29934692382812,73.60070790702524,73.0077019991068,73.24101348878074,207200
2023-08-14,73.34795379638672,73.71737171175195,72.44386337658918,72.8230047678427,247100
2023-08-15,72.609130859375,73.62015723641434,72.4341453822559,73.5521077406924,106500
2023-08-16,72.54108428955078,73.1826927869738,72.44386436302204,72.44386436302204,235900
2023-08-17,71.3161849975586,72.42442391103809,71.24813549995332,72.36609788933043,215800
2023-08-18,70.99537658691406,71.23841156491491,70.50930663091236,70.62596609041479,216100
2023-08-21,71.79252624511719,71.8508596794097,71.18008081133412,71.2384068287882,156600
2023-08-22,71.96751403808594,72.2883219781188,71.90918801874857,72.0452870084282,117300
2023-08-23,72.502197265625,72.56052328763924,71.74392931208385,71.99668035203823,237800
2023-08-24,70.84955596923828,72.22027684108579,70.84955596923828,72.00640486815874,252800
2023-08-25,71.79252624511719,72.68689312465898,71.38422928926181,72.04528468214889,207500
2023-08-28,72.609130859375,72.71606684077216,72.23971295387982,72.23971295387982,80100
2023-08-29,74.36870574951172,74.41731571346929,72.4924753600727,72.4924753600727,161100
2023-08-30,73.35767364501953,74.28121097092826,73.23129813207646,73.86319053046904,105500
2023-08-31,73.04659271240234,73.56182568131162,72.98826669081683,73.41600321050888,101000
2023-09-01,72.1522216796875,73.4451694750303,71.95778925735857,73.32851002163295,85300
2023-09-05,71.86058044433594,72.24943789212135,71.6369924182256,72.10361542209695,82100
2023-09-06,71.3259048461914,71.90918728412228,71.27729488601442,71.7536413450268,283300
2023-09-07,70.97593688964844,71.18008538068126,70.75234144699024,71.00509990024757,103900
2023-09-08,71.17036437988281,71.50089581745829,70.83011688299568,70.83011688299568,110600
2023-09-11,71.57865905761719,71.75364453846815,71.0342630802315,71.248135047587,89400
2023-09-12,70.71345520019531,71.21897210842293,70.71345520019531,70.79122817328248,96500
2023-09-13,69.82881164550781,70.70373904950652,69.63437921304202,70.47042013054758,126600
2023-09-14,70.73290252685547,70.86900152206002,70.20794608099263,70.23710909184517,93100
2023-09-15,71.41339874267578,72.21055319278702,71.32590970859924,71.88974523416151,81900
2023-09-18,71.30645751953125,71.41339349788609,70.96621005060156,71.0342595443875,72900
2023-09-19,70.032958984375,70.19822098662186,69.70242756304248,70.13017149058852,123400
2023-09-20,70.06211853027344,71.27729333995407,70.05239505508122,70.9467693518034,94700
2023-09-21,68.86638641357422,69.7899237614044,68.74973437326975,69.68298777989943,96200
2023-09-22,68.67195892333984,69.58577276255045,68.53585993667085,69.12886584294515,96200
2023-09-25,68.22477722167969,68.35115273628932,67.56372180518562,67.9720187756217,90500
2023-09-26,66.40687561035156,67.51511452661451,66.39715955126853,67.33041298513002,121000
2023-09-27,68.71084594726562,68.83722145963975,67.97201757323263,68.5844704348915,173500
2023-09-28,69.78019714355469,69.94545913777011,68.54558279928158,68.69140525993454,240800
2023-09-29,69.45938873291016,70.83010946999049,69.4010627157879,70.80094646142936,102500
2023-10-02,68.36087799072266,69.03165690020757,68.07895652756,68.95388392757533,109300
2023-10-03,67.73870849609375,68.38031697302897,67.48595004550045,68.03035343268901,114600
2023-10-04,68.39976501464844,68.70112601491836,67.80675907313484,68.62335304167485,108200
2023-10-05,68.08867645263672,68.08867645263672,67.349848084837,67.70954250187444,99800
2023-10-06,69.5760498046875,69.75103527696876,67.74842952951313,68.11784000795645,109300
2023-10-09,68.54558563232422,68.63307466222892,67.90396974566805,67.9234166968727,105500
2023-10-10,70.35376739501953,70.596802370579,69.85797396816332,69.90658393001075,558300
2023-10-11,71.39395904541016,71.51061109058088,70.9078890789612,70.99537811283925,173500
2023-10-12,69.64410400390625,70.54819443563629,69.46911851980241,70.54819443563629,148700
2023-10-13,68.00118255615234,69.27469085957388,67.7873180098132,69.10942144094808,116500
2023-10-16,68.7497329711914,68.91499496947826,68.4094854991777,68.59418703150592,126700
2023-10-17,68.78861999511719,69.16775395502302,67.96230258036958,67.96230258036958,214400
2023-10-18,66.56241607666016,66.92210307092766,66.14439564850296,66.61101861859011,156500
2023-10-19,66.1638412475586,67.0873786309547,66.04718920276179,66.59158519005106,200300
2023-10-20,65.36668395996094,66.08607281684777,65.20142195912426,65.8624773793097,271500
2023-10-23,65.92080688476562,66.29994086759723,65.42502085604067,65.57083591340735,176000
2023-10-24,65.75553894042969,65.75553894042969,65.30835549890777,65.44445448472581,153600
2023-10-25,64.880615234375,65.76526610870836,64.68619021995656,65.6000041047688,88800
2023-10-26,61.90586853027344,62.42110148559883,61.54617780910775,62.04196752161076,229000
2023-10-27,62.5766487121582,63.121044688677685,62.33361373452073,62.93633573228475,116700
2023-10-30,64.09318542480469,64.16123492274616,63.36408048250075,63.79182442204088,166300
2023-10-31,64.34593963623047,64.57925112565985,63.95708220928916,64.22928018309652,242600
2023-11-01,64.64730072021484,64.70562673845377,64.02513180287113,64.20011727442646,149700
2023-11-02,66.40687561035156,66.63047105552415,65.83331661721503,65.92080564999627,276900
2023-11-03,66.49436950683594,67.21375094382529,66.4652064970286,66.9221060120746,106700
2023-11-06,67.01932525634766,67.59288422166323,66.90266580145901,67.47623218361322,114000
2023-11-07,66.82489776611328,67.01933020528524,66.47492679244293,66.66935923161489,196300
2023-11-08,67.67066192626953,67.77759791318974,67.1457054677992,67.1457054677992,155200
2023-11-09,68.31226348876953,69.3330132904243,68.31226348876953,68.8275038355874,209800
2023-11-10,68.33171081542969,68.46780980082151,67.50539342788262,68.04978936944993,105000
2023-11-13,69.17747497558594,69.17747497558594,68.23449813862425,68.4289231410162,100500
2023-11-14,72.1036148071289,72.22027426552123,71.38423335580676,71.4522828523259,105000
2023-11-15,73.05631256103516,73.5812689797576,72.9785395915566,73.2118510831537,110700
2023-11-16,77.49899291992188,78.189211349151,77.15874544309607,77.92673684326788,165800
2023-11-17,78.67528533935547,78.71417182682714,77.77119490194677,78.34475390426586,87400
2023-11-20,78.50029754638672,78.72389298856572,78.19893654838965,78.19893654838965,97000
2023-11-21,78.47113037109375,79.19051178789304,78.1892089228041,78.96692377441958,93100
2023-11-22,78.98636627197266,79.32661375100724,78.84054380471818,79.05441576777957,103600
2023-11-24,80.31819915771484,80.31819915771484,79.95850473383507,79.96822820930173,51200
2023-11-27,80.05571746826172,80.10432742889617,79.65714397504614,79.99739144897131,68900
2023-11-28,80.658447265625,81.10563072170908,80.28902936337042,80.37652580958182,143200
2023-11-29,81.58197784423828,81.86389930255065,81.22229083147049,81.45560232851429,88600
2023-11-30,81.65975189208984,81.79585088522956,81.17368194035122,81.27089444733117,121000
2023-12-01,82.57356262207031,82.70966161001373,81.34866431374097,81.34866431374097,74600
2023-12-04,82.78743743896484,82.97213897650302,82.32080702358459,82.63189149489182,146600
2023-12-05,83.16657257080078,84.29425101376067,83.10823913253739,83.54570654373754,149700
2023-12-06,83.8567886352539,85.0525165414927,83.7887391399138,84.19703611195443,103700
2023-12-07,84.88725280761719,84.9844653108554,84.33313338063698,84.70254385967759,87900
2023-12-08,84.79976654052734,85.20806351752363,84.45951164285829,84.45951164285829,385500
2023-12-11,85.94689178466797,86.03438081524492,85.20806338682785,85.20806338682785,245200
2023-12-12,85.82051086425781,86.17048182845159,85.6066388953795,85.95660985957328,143100
2023-12-13,86.71487426757812,86.90930669354302,84.9553034594182,85.50942289395047,242800
2023-12-14,88.46472930908203,88.91191276501938,87.91060987272067,88.41611934822068,160200
2023-12-15,88.01754760742188,88.6980425720115,87.91061162486652,88.6980425720115,92100
2023-12-18,86.78292846679688,87.4925938805707,86.52045394856435,87.23983542153411,61900
2023-12-19,89.67018127441406,89.81600374111517,88.91191334777477,88.9896863189272,116800
2023-12-20,89.06745910644531,90.33123650929228,88.84386366905277,90.10764848873848,201600
2023-12-21,90.39928436279297,90.39928436279297,89.34937894082411,89.34937894082411,80500
2023-12-22,89.81600189208984,90.25346186634852,89.58269040027446,90.25346186634852,92800
2023-12-26,90.62287902832031,90.87563746889289,89.88405065725199,89.88405065725199,75800
2023-12-27,90.9825668334961,91.27421176110421,90.53538338351196,90.53538338351196,62300
2023-12-28,90.47705841064453,91.15755336047854,90.47705841064453,90.7589798661011,121200
2023-12-29,90.93396759033203,91.44920055321195,90.73953515925733,90.992293611235,53400
2024-01-02,88.8730239868164,89.75767481716623,88.85358445307662,89.45630641791068,119200
2024-01-03,86.00521850585938,86.26769301656776,85.52887202954622,85.71357356788216,131400
2024-01-04,85.87883758544922,86.62738948261986,85.20806607931388,85.87883758544922,461600
2024-01-05,85.31500244140625,85.74273896769661,84.46923803117461,84.56645054092974,111400
2024-01-08,85.88855743408203,85.97605388056732,85.27611197603991,85.63579898703853,84800
2024-01-09,84.68310546875,84.79976492431356,84.16787251947859,84.51784346933061,85300
2024-01-10,85.82051086425781,85.97605681138349,84.67338546314244,84.67338546314244,60500
2024-01-11,86.15103912353516,86.219088618689,85.05251630868769,85.74273473577341,153600
2024-01-12,86.83153533935547,87.29816575351795,86.5010113343211,86.74404630867184,93800
2024-01-16,84.9455795288086,85.37332344680102,84.5372825617278,84.8289274906933,95000
2024-01-17,84.05121612548828,84.21647813092736,83.1762887189889,83.1762887189889,105200
2024-01-18,85.00391387939453,85.00391387939453,84.06093700467625,84.06093700467625,67800
2024-01-19,85.82051086425781,85.82051086425781,84.52756299192187,84.68310893904754,148200
2024-01-22,86.31629943847656,86.55933440454385,85.94688896011618,86.10242748164319,94200
2024-01-23,85.60663604736328,86.19964197158318,85.18861559941874,86.1899259128403,63300
2024-01-24,88.28002166748047,88.94107709407133,88.25085865726656,88.43556761107305,75600
2024-01-25,88.28974151611328,88.41611702746148,87.72589861901174,87.72589861901174,69700
2024-01-26,88.51334381103516,88.75637879413318,88.32863485049216,88.58139330962905,79500
2024-01-29,88.600830078125,88.70776606069596,87.40510215205167,87.80367565512984,73400
2024-01-30,89.24244689941406,89.40770890443324,88.87302898603129,89.19383693707246,122100
2024-01-31,87.00652313232422,89.1646749486694,86.93847363436915,89.11606498577049,173800
2024-02-01,88.5425033569336,88.6494393386586,86.91903151341968,87.10373304989474,116100
2024-02-02,87.73562622070312,87.73562622070312,87.02596082830662,87.657853248444,116200
2024-02-05,86.11215209960938,86.42323656362969,85.60663521005222,86.34546359341495,124300
2024-02-06,87.83283996582031,87.97866243665216,86.12187163619372,86.12187163619372,111000
2024-02-07,88.45500946044922,88.77581741487529,87.59952899881873,88.6105554081124,103800
2024-02-08,89.2229995727539,90.58399692737062,88.85358907776262,89.94238102798488,79500
2024-02-09,89.75,89.98999786376953,88.12999725341797,89.0,133100
2024-02-12,89.04000091552734,90.0,88.68000030517578,89.0999984741211,87300
2024-02-13,87.44999694824219,88.20999908447266,86.94000244140625,87.9800033569336,101300
2024-02-14,88.83000183105469,88.83000183105469,87.41000366210938,87.41000366210938,306700
2024-02-15,90.0999984741211,90.19999694824219,89.47000122070312,89.83999633789062,314600
2024-02-16,90.70999908447266,91.25,90.27999877929688,90.5,88600
2024-02-20,91.0999984741211,91.58000183105469,90.94000244140625,91.37000274658203,94900
2024-02-21,91.83999633789062,91.87000274658203,91.20999908447266,91.52999877929688,90900
2024-02-22,93.2300033569336,93.3499984741211,92.69999694824219,92.75,164400
2024-02-23,94.76000213623047,94.9000015258789,94.37000274658203,94.37000274658203,84100
2024-02-26,94.93000030517578,95.11000061035156,94.33999633789062,94.55000305175781,792000
2024-02-27,95.83000183105469,95.98999786376953,95.23999786376953,95.30999755859375,111800
2024-02-28,97.25,97.66999816894531,96.93000030517578,96.94999694824219,95300
2024-02-29,98.86000061035156,99.18000030517578,98.54000091552734,98.98999786376953,187300
2024-03-01,98.12000274658203,98.44999694824219,97.80000305175781,98.44999694824219,122300
2024-03-04,97.30000305175781,100.08999633789062,97.22000122070312,98.41000366210938,139700
2024-03-05,96.81999969482422,97.88999938964844,96.31999969482422,97.44000244140625,159900
2024-03-06,98.0999984741211,98.33000183105469,97.4800033569336,97.80999755859375,76500
2024-03-07,99.58000183105469,99.63999938964844,98.62999725341797,98.80999755859375,222900
2024-03-08,99.3499984741211,100.0,98.9000015258789,99.56999969482422,71600
2024-03-11,98.5199966430664,98.86000061035156,97.88999938964844,98.30999755859375,91400
2024-03-12,99.9000015258789,100.0,98.18000030517578,98.9800033569336,85700
2024-03-13,100.63999938964844,101.69000244140625,100.2300033569336,100.3499984741211,142000
2024-03-14,99.7699966430664,101.23999786376953,99.38999938964844,101.23999786376953,95500
2024-03-15,100.79000091552734,101.48999786376953,100.5199966430664,100.97000122070312,120200
2024-03-18,99.76000213623047,101.97000122070312,99.47000122070312,101.97000122070312,89000
2024-03-19,94.18000030517578,94.37999725341797,92.83000183105469,93.9800033569336,230000
2024-03-20,97.01000213623047,97.01000213623047,94.58000183105469,95.7699966430664,140300
2024-03-21,95.0199966430664,95.13999938964844,94.29000091552734,94.66000366210938,103700
2024-03-22,94.81999969482422,95.12999725341797,94.25,94.45999908447266,78100
2024-03-25,94.33999633789062,95.16000366210938,94.2300033569336,94.41999816894531,93100
2024-03-26,94.62999725341797,95.54000091552734,94.51000213623047,95.20999908447266,158000
2024-03-27,96.23999786376953,96.23999786376953,94.88999938964844,95.22000122070312,231900
2024-03-28,95.43000030517578,95.80000305175781,95.30000305175781,95.62000274658203,79900
2024-04-01,95.4000015258789,96.0199966430664,94.88999938964844,95.5,67000
2024-04-02,94.62000274658203,94.80000305175781,94.23999786376953,94.68000030517578,62700
2024-04-03,95.37999725341797,95.83999633789062,94.58000183105469,94.58000183105469,81400
2024-04-04,93.80000305175781,95.98999786376953,93.80000305175781,95.77999877929688,111900
2024-04-05,93.66000366210938,93.83000183105469,93.0199966430664,93.31999969482422,109100
2024-04-08,94.56999969482422,94.73999786376953,93.98999786376953,94.23999786376953,355400
2024-04-09,94.43000030517578,95.55000305175781,93.94999694824219,95.4000015258789,255000
2024-04-10,93.63999938964844,94.4800033569336,92.9800033569336,93.23999786376953,73700
2024-04-11,93.66999816894531,93.91999816894531,92.18000030517578,93.16000366210938,133000
2024-04-12,91.19999694824219,92.61000061035156,91.11000061035156,92.25,152500
2024-04-15,92.8499984741211,94.77999877929688,92.4800033569336,94.62000274658203,100300
2024-04-16,91.91000366210938,92.4000015258789,91.69000244140625,92.4000015258789,127000
2024-04-17,92.2300033569336,92.9000015258789,91.66999816894531,92.86000061035156,122600
2024-04-18,92.94999694824219,93.9000015258789,92.66999816894531,93.36000061035156,85500
2024-04-19,92.08000183105469,92.56999969482422,91.75,91.95999908447266,118600
2024-04-22,92.93000030517578,93.55999755859375,92.5199966430664,93.05000305175781,157300
2024-04-23,94.05000305175781,94.16999816894531,93.1500015258789,93.2300033569336,81800
2024-04-24,93.66000366210938,94.31999969482422,92.95999908447266,94.0,80600
2024-04-25,93.16000366210938,93.51000213623047,91.95999908447266,91.95999908447266,95400
2024-04-26,95.23999786376953,95.3499984741211,93.05000305175781,93.05000305175781,85200
2024-04-29,95.18000030517578,95.6500015258789,94.94000244140625,95.6500015258789,72300
2024-04-30,93.56999969482422,95.01000213623047,93.56999969482422,94.63999938964844,83200
2024-05-01,93.52999877929688,96.36000061035156,91.68000030517578,93.5,107700
2024-05-02,94.33999633789062,94.61000061035156,93.44000244140625,94.61000061035156,119700
2024-05-03,95.6500015258789,96.19999694824219,95.05000305175781,96.0,69900
2024-05-06,96.91000366210938,96.97000122070312,96.2300033569336,96.97000122070312,67400
2024-05-07,96.97000122070312,97.41999816894531,94.98999786376953,95.4800033569336,159200
2024-05-08,97.63999938964844,97.76000213623047,97.18000030517578,97.18000030517578,109700
2024-05-09,99.76000213623047,99.76000213623047,98.9800033569336,99.23999786376953,594600
2024-05-10,101.48999786376953,101.58999633789062,100.38999938964844,101.05000305175781,109700
2024-05-13,101.18000030517578,102.80999755859375,101.13999938964844,102.80999755859375,74400
2024-05-14,100.58999633789062,100.62000274658203,100.19999694824219,100.5,56200
2024-05-15,102.05999755859375,102.2300033569336,101.08999633789062,102.06999969482422,97700
2024-05-16,95.0,96.01000213623047,94.9000015258789,95.86000061035156,207800
2024-05-17,93.94000244140625,94.6500015258789,93.91999816894531,94.3499984741211,139200
2024-05-20,94.0,94.43000030517578,93.81999969482422,93.9000015258789,57500
2024-05-21,94.38999938964844,94.52999877929688,93.93000030517578,93.9800033569336,169200
2024-05-22,93.8499984741211,94.88999938964844,93.5,94.76000213623047,110000
2024-05-23,94.9800033569336,96.47000122070312,94.72000122070312,96.41999816894531,138600
2024-05-24,96.37999725341797,96.37999725341797,95.5199966430664,95.69999694824219,212300
2024-05-28,96.12999725341797,97.30000305175781,95.83999633789062,97.2699966430664,139000
2024-05-29,95.04000091552734,95.77999877929688,94.95999908447266,95.23999786376953,98800
2024-05-30,95.44999694824219,95.86000061035156,95.0199966430664,95.0199966430664,101000
2024-05-31,96.52999877929688,96.52999877929688,95.1500015258789,95.80999755859375,98100
2024-06-03,96.62000274658203,97.27999877929688,96.3499984741211,97.13999938964844,83700
2024-06-04,95.13999938964844,96.04000091552734,94.69000244140625,95.87000274658203,61900
2024-06-05,97.5,97.69999694824219,96.36000061035156,97.05999755859375,126700
2024-06-06,95.43000030517578,95.9000015258789,95.22000122070312,95.81999969482422,173100
2024-06-07,94.12999725341797,94.5999984741211,93.93000030517578,93.93000030517578,868700
2024-06-10,94.19000244140625,94.19000244140625,92.77999877929688,92.91999816894531,103500
2024-06-11,92.62000274658203,93.12999725341797,92.33000183105469,93.0999984741211,118600
2024-06-12,96.08000183105469,96.83999633789062,95.48999786376953,95.48999786376953,119600
2024-06-13,91.94999694824219,93.66000366210938,91.62000274658203,93.66000366210938,155800
2024-06-14,88.75,89.4000015258789,88.37000274658203,88.91000366210938,133200
2024-06-17,90.81999969482422,90.88999938964844,89.5999984741211,90.06999969482422,136200
2024-06-18,90.63999938964844,90.7300033569336,89.94999694824219,89.97000122070312,226600
2024-06-20,90.97000122070312,91.4800033569336,90.70999908447266,91.05999755859375,2201700
2024-06-21,89.88999938964844,90.0999984741211,89.12999725341797,89.87000274658203,134000
2024-06-24,91.51000213623047,92.0999984741211,90.94999694824219,91.36000061035156,222800
2024-06-25,90.93000030517578,91.12999725341797,90.4000015258789,90.97000122070312,97500
2024-06-26,90.41999816894531,90.66999816894531,89.68000030517578,89.94999694824219,125300
2024-06-27,92.94999694824219,93.91999816894531,92.56999969482422,93.2300033569336,112600
2024-06-28,93.25,93.69000244140625,92.76000213623047,92.76000213623047,93300
2024-07-01,95.19000244140625,95.80999755859375,94.9000015258789,95.70999908447266,73300
2024-07-02,94.22000122070312,94.22000122070312,93.52999877929688,93.66999816894531,82100
2024-07-03,95.55999755859375,95.76000213623047,95.12000274658203,95.16999816894531,70300
2024-07-05,96.19000244140625,97.01000213623047,95.45999908447266,96.94999694824219,65200
2024-07-08,95.97000122070312,96.75,95.69000244140625,96.52999877929688,86200
2024-07-09,93.98999786376953,94.62999725341797,93.33999633789062,94.37999725341797,74500
2024-07-10,95.73999786376953,95.95999908447266,94.9000015258789,94.95999908447266,109900
2024-07-11,97.06999969482422,97.33000183105469,96.54000091552734,96.70999908447266,123800
2024-07-12,100.0,100.73999786376953,98.26000213623047,98.30999755859375,131000
2024-07-15,98.12000274658203,99.13999938964844,98.12000274658203,99.02999877929688,89900
2024-07-16,99.18000030517578,99.19999694824219,98.23999786376953,98.55000305175781,112500
2024-07-17,97.44999694824219,97.9800033569336,97.11000061035156,97.51000213623047,84000
2024-07-18,92.76000213623047,94.69000244140625,92.52999877929688,94.66999816894531,1469100
2024-07-19,92.9000015258789,93.70999908447266,92.70999908447266,93.4800033569336,95800
2024-07-22,94.69999694824219,94.94000244140625,94.18000030517578,94.75,134900
2024-07-23,93.94000244140625,94.7699966430664,93.87999725341797,94.44999694824219,98400
2024-07-24,92.62999725341797,93.37000274658203,92.38999938964844,93.02999877929688,99900
2024-07-25,91.55000305175781,92.19999694824219,90.55999755859375,91.08999633789062,123200
2024-07-26,92.5199966430664,92.62000274658203,91.93000030517578,92.16000366210938,87500
2024-07-29,90.88999938964844,91.41000366210938,90.51000213623047,91.2699966430664,80800
2024-07-30,91.51000213623047,91.51000213623047,90.69999694824219,90.76000213623047,111000
2024-07-31,91.4000015258789,92.13999938964844,91.22000122070312,91.75,86600
2024-08-01,88.3499984741211,90.69999694824219,88.08000183105469,90.54000091552734,133800
2024-08-02,86.44999694824219,86.62000274658203,85.63999938964844,86.18000030517578,178200
2024-08-05,84.91999816894531,85.41999816894531,83.8499984741211,83.98999786376953,167000
2024-08-06,84.41999816894531,85.0199966430664,83.63999938964844,84.06999969482422,338400
2024-08-07,83.87000274658203,86.12000274658203,83.87000274658203,84.87999725341797,251000
2024-08-08,87.08999633789062,87.22000122070312,85.81999969482422,86.12999725341797,126800
2024-08-09,85.7300033569336,85.95999908447266,84.81999969482422,85.5199966430664,161200
2024-08-12,85.63999938964844,86.33999633789062,85.51000213623047,86.0999984741211,199400
2024-08-13,87.5,87.77999877929688,86.55999755859375,86.80999755859375,116600
2024-08-14,87.7300033569336,88.66000366210938,87.4800033569336,88.44999694824219,85600
2024-08-15,89.08000183105469,89.51000213623047,88.86000061035156,89.0199966430664,113200
2024-08-16,89.80000305175781,89.98999786376953,89.2300033569336,89.31999969482422,76200
2024-08-19,90.94000244140625,91.05000305175781,90.19000244140625,90.26000213623047,96400
2024-08-20,91.12999725341797,91.30999755859375,90.7300033569336,90.88999938964844,71800
2024-08-21,92.37000274658203,92.37000274658203,91.0999984741211,91.3499984741211,124200
2024-08-22,91.37000274658203,92.4000015258789,91.30999755859375,92.2300033569336,228800
2024-08-23,93.61000061035156,93.61000061035156,92.3499984741211,92.44000244140625,143100
2024-08-26,93.88999938964844,93.91000366210938,92.87999725341797,93.41999816894531,67000
2024-08-27,93.41999816894531,93.87000274658203,92.61000061035156,92.61000061035156,102200
2024-08-28,93.20999908447266,94.1500015258789,92.95999908447266,94.12000274658203,97800
2024-08-29,93.80000305175781,94.72000122070312,93.2699966430664,93.69000244140625,78600
2024-08-30,94.18000030517578,94.66000366210938,93.58999633789062,93.8499984741211,83200
2024-09-03,92.19999694824219,94.12999725341797,92.0999984741211,94.12999725341797,79400
2024-09-04,92.13999938964844,92.76000213623047,92.05000305175781,92.12000274658203,92200
2024-09-05,91.7300033569336,92.05999755859375,91.30000305175781,91.56999969482422,96300
2024-09-06,89.02999877929688,92.06999969482422,89.0,91.77999877929688,93900
2024-09-09,90.05000305175781,90.5,89.66000366210938,90.05000305175781,171400
2024-09-10,89.75,89.98999786376953,88.75,89.48999786376953,196800
2024-09-11,90.37999725341797,90.37999725341797,88.33000183105469,89.94999694824219,132100
2024-09-12,90.9800033569336,91.12000274658203,89.4800033569336,90.2300033569336,93900
2024-09-13,90.79000091552734,91.5999984741211,90.56999969482422,91.05000305175781,81500
2024-09-16,91.0199966430664,91.23999786376953,89.91999816894531,89.91999816894531,135200
2024-09-17,92.41999816894531,93.43000030517578,91.86000061035156,93.43000030517578,112900
2024-09-18,92.41999816894531,93.80999755859375,91.36000061035156,92.69999694824219,101600
2024-09-19,94.91000366210938,95.08999633789062,94.08000183105469,94.55000305175781,118800
2024-09-20,93.08000183105469,93.70999908447266,92.66000366210938,93.69000244140625,118300
2024-09-23,93.11000061035156,93.30000305175781,92.79000091552734,93.08000183105469,85500
2024-09-24,95.19000244140625,95.19999694824219,93.58000183105469,93.69999694824219,177700
2024-09-25,95.80000305175781,96.98999786376953,95.7699966430664,96.83999633789062,97200
2024-09-26,101.80999755859375,101.83999633789062,99.81999969482422,100.06999969482422,147900
2024-09-27,101.75,103.0,101.33999633789062,102.86000061035156,172400
2024-09-30,101.05000305175781,101.55999755859375,100.5199966430664,101.22000122070312,91900
2024-10-01,99.51000213623047,101.19999694824219,98.5199966430664,101.18000030517578,84800
2024-10-02,99.61000061035156,99.9800033569336,98.45999908447266,98.8499984741211,64800
2024-10-03,98.6500015258789,99.16000366210938,98.26000213623047,98.95999908447266,62100
2024-10-04,100.88999938964844,100.91999816894531,99.80999755859375,100.20999908447266,56900
2024-10-07,100.66999816894531,101.4000015258789,100.23999786376953,100.3499984741211,81800
2024-10-08,99.2699966430664,99.62000274658203,98.73999786376953,99.56999969482422,98900
2024-10-09,101.12999725341797,101.37000274658203,99.8499984741211,99.87999725341797,63600
2024-10-10,100.5,100.5,99.41000366210938,100.26000213623047,179100
2024-10-11,101.63999938964844,101.81999969482422,100.88999938964844,100.88999938964844,240000
2024-10-14,101.26000213623047,101.5199966430664,100.66000366210938,100.79000091552734,113300
2024-10-15,99.58999633789062,100.97000122070312,99.30000305175781,100.94999694824219,76300
2024-10-16,98.70999908447266,99.58999633789062,98.31999969482422,99.08000183105469,88200
2024-10-17,99.41000366210938,99.93000030517578,99.36000061035156,99.79000091552734,102700
2024-10-18,100.5,100.83000183105469,100.41000366210938,100.5199966430664,66100
2024-10-21,100.2699966430664,101.05999755859375,100.0199966430664,100.77999877929688,105800
2024-10-22,99.43000030517578,99.58000183105469,99.08000183105469,99.33000183105469,99800
2024-10-23,96.66999816894531,98.7300033569336,96.61000061035156,98.06999969482422,130600
2024-10-24,97.11000061035156,97.98999786376953,96.54000091552734,97.91999816894531,77900
2024-10-25,97.08999633789062,98.26000213623047,96.76000213623047,97.70999908447266,94800
2024-10-28,98.1500015258789,98.41999816894531,97.26000213623047,97.55999755859375,95300
2024-10-29,97.41000366210938,98.08999633789062,97.33999633789062,97.68000030517578,137100
2024-10-30,97.30000305175781,97.93000030517578,96.83999633789062,96.93000030517578,254400
2024-10-31,97.06999969482422,97.76000213623047,96.31999969482422,97.76000213623047,453700
2024-11-01,98.05000305175781,98.58999633789062,97.86000061035156,98.02999877929688,129900
2024-11-04,98.4000015258789,99.38999938964844,98.26000213623047,98.77999877929688,93300
2024-11-05,100.63999938964844,100.94999694824219,99.5999984741211,99.62000274658203,113000
2024-11-06,98.9000015258789,99.77999877929688,98.38999938964844,99.7300033569336,187100
2024-11-07,101.77999877929688,102.02999877929688,100.62000274658203,100.66999816894531,365200
2024-11-08,98.63999938964844,99.1500015258789,97.88999938964844,98.88999938964844,315700
2024-11-11,98.87000274658203,99.75,98.5,98.86000061035156,144400
2024-11-12,95.4000015258789,96.58000183105469,93.83000183105469,96.58000183105469,121100
2024-11-13,94.81999969482422,95.31999969482422,93.54000091552734,94.37999725341797,166600
2024-11-14,98.68000030517578,100.55000305175781,98.20999908447266,100.47000122070312,107100
2024-11-15,98.68000030517578,99.58000183105469,98.33999633789062,99.05000305175781,189700
2024-11-18,96.91999816894531,97.68000030517578,96.91999816894531,97.45999908447266,162700
2024-11-19,94.37999725341797,94.69000244140625,92.97000122070312,93.55000305175781,156700
2024-11-20,93.55999755859375,93.62000274658203,92.5999984741211,93.30000305175781,132000
2024-11-21,92.41000366210938,92.95999908447266,92.04000091552734,92.48999786376953,138400
2024-11-22,92.5999984741211,92.80999755859375,91.56999969482422,91.58000183105469,129200
2024-11-25,94.62999725341797,95.20999908447266,94.37000274658203,95.02999877929688,114400
2024-11-26,94.43000030517578,94.62000274658203,93.97000122070312,94.55999755859375,138400
2024-11-27,94.47000122070312,94.79000091552734,94.3499984741211,94.54000091552734,88600
2024-11-29,97.02999877929688,97.08999633789062,95.8499984741211,95.91999816894531,58100
2024-12-02,98.43000030517578,98.75,97.45999908447266,98.11000061035156,87200
2024-12-03,99.76000213623047,100.19999694824219,99.31999969482422,99.66999816894531,85400
2024-12-04,100.70999908447266,101.4000015258789,100.48999786376953,100.79000091552734,86300
2024-12-05,101.76000213623047,102.25,101.63999938964844,101.91999816894531,123900
2024-12-06,102.41000366210938,102.62999725341797,101.8499984741211,102.37000274658203,79500
2024-12-09,101.93000030517578,103.19000244140625,101.93000030517578,102.87000274658203,112100
2024-12-10,101.52999877929688,102.29000091552734,101.1500015258789,102.20999908447266,83400
2024-12-11,102.69000244140625,103.18000030517578,102.47000122070312,103.11000061035156,110900
2024-12-12,101.08000183105469,102.2300033569336,100.98999786376953,101.93000030517578,97300
2024-12-13,100.3499984741211,100.7300033569336,99.77999877929688,100.7300033569336,84100
2024-12-16,100.0999984741211,100.37000274658203,99.66999816894531,100.05999755859375,96600
2024-12-17,101.11000061035156,101.48999786376953,100.91000366210938,100.98999786376953,457200
2024-12-18,99.06999969482422,102.41999816894531,98.5999984741211,102.16000366210938,309900
2024-12-19,98.25,99.08000183105469,98.01000213623047,99.04000091552734,118300
2024-12-20,98.69000244140625,99.25,97.0999984741211,97.70999908447266,134000
2024-12-23,98.70999908447266,98.80000305175781,97.7699966430664,98.51000213623047,135000
2024-12-24,98.91999816894531,99.4800033569336,96.51000213623047,96.51000213623047,53600
2024-12-26,99.72000122070312,100.0,98.01000213623047,98.01000213623047,67700
2024-12-27,98.7300033569336,98.98999786376953,98.12999725341797,98.44999694824219,108500
2024-12-30,97.62000274658203,97.80999755859375,97.11000061035156,97.55000305175781,98700
2024-12-31,96.68000030517578,97.6500015258789,96.45999908447266,97.12999725341797,60100
2025-01-02,96.69000244140625,96.88999938964844,96.1500015258789,96.73999786376953,119500
2025-01-03,96.19000244140625,96.47000122070312,95.80000305175781,96.44000244140625,122600
2025-01-06,99.68000030517578,100.4800033569336,99.52999877929688,99.66999816894531,103300
2025-01-07,99.76000213623047,101.18000030517578,99.38999938964844,100.97000122070312,274000
2025-01-08,100.9800033569336,100.9800033569336,100.02999877929688,100.5,158600
2025-01-10,99.83999633789062,100.4800033569336,99.25,100.37999725341797,109000
2025-01-13,98.80999755859375,98.94999694824219,98.0,98.12000274658203,140800
2025-01-14,99.69999694824219,100.0,99.44000244140625,99.88999938964844,137000
2025-01-15,100.69999694824219,101.72000122070312,100.37000274658203,101.70999908447266,166600
2025-01-16,100.51000213623047,100.80000305175781,99.9800033569336,100.4800033569336,249600
2025-01-17,103.1500015258789,103.56999969482422,102.87000274658203,102.88999938964844,89000
2025-01-21,106.9000015258789,106.94999694824219,105.47000122070312,105.80999755859375,275200
2025-01-22,107.66999816894531,108.3499984741211,107.5,107.93000030517578,584400
2025-01-23,109.1500015258789,109.19999694824219,107.97000122070312,108.44999694824219,405300
2025-01-24,108.87999725341797,109.87999725341797,108.76000213623047,109.4800033569336,263500
2025-01-27,106.29000091552734,106.66999816894531,105.20999908447266,105.80000305175781,161400
2025-01-28,104.83999633789062,105.16999816894531,104.12000274658203,105.02999877929688,242600
2025-01-29,105.93000030517578,106.33000183105469,105.2699966430664,105.72000122070312,180900
2025-01-30,106.69999694824219,107.47000122070312,106.18000030517578,106.55000305175781,136900
2025-01-31,106.8499984741211,108.25,106.44999694824219,107.58000183105469,512800
2025-02-03,103.95999908447266,104.58999633789062,102.5,103.23999786376953,431600
2025-02-04,104.70999908447266,105.01000213623047,104.38999938964844,104.43000030517578,253800
2025-02-05,104.9000015258789,104.91999816894531,103.76000213623047,104.44999694824219,467800
2025-02-06,107.91000366210938,108.11000061035156,107.02999877929688,107.08000183105469,225300
2025-02-07,106.62999725341797,108.58000183105469,106.5199966430664,108.23999786376953,206200
2025-02-10,109.30000305175781,109.41000366210938,108.77999877929688,108.77999877929688,258400
2025-02-11,110.58999633789062,111.3499984741211,110.30000305175781,110.4800033569336,409400
2025-02-12,111.8499984741211,111.8499984741211,108.80000305175781,109.69999694824219,172600
2025-02-13,118.94999694824219,119.23999786376953,116.30999755859375,116.61000061035156,174600
2025-02-14,117.9000015258789,118.43000030517578,117.05000305175781,117.05000305175781,294400
2025-02-18,118.12000274658203,118.62999725341797,117.73999786376953,117.95999908447266,201500
2025-02-19,115.13999938964844,116.4000015258789,114.26000213623047,115.87999725341797,205700
2025-02-20,116.04000091552734,116.83000183105469,115.7300033569336,116.69999694824219,354400
2025-02-21,115.0999984741211,116.25,114.88999938964844,116.0,306000
2025-02-24,113.26000213623047,115.04000091552734,113.19999694824219,114.56999969482422,213300
2025-02-25,114.76000213623047,115.06999969482422,113.19999694824219,114.5199966430664,207800
2025-02-26,115.97000122070312,117.7300033569336,115.75,116.61000061035156,128800
2025-02-27,113.52999877929688,115.4000015258789,113.30999755859375,115.4000015258789,163600
2025-02-28,113.86000061035156,115.2699966430664,113.0199966430664,113.86000061035156,154100
2025-03-03,117.30999755859375,119.25,116.19999694824219,118.5,175200
2025-03-04,115.58999633789062,116.95999908447266,111.9000015258789,113.55999755859375,193300
2025-03-05,125.3499984741211,125.61000061035156,123.16999816894531,123.23999786376953,569400
2025-03-06,128.6999969482422,131.8699951171875,128.39999389648438,128.72000122070312,541000
2025-03-07,129.10000610351562,129.14999389648438,126.30000305175781,126.91000366210938,311600
2025-03-10,124.18000030517578,124.19000244140625,120.66999816894531,122.31999969482422,1143100
2025-03-11,124.94000244140625,125.2300033569336,121.86000061035156,124.91999816894531,1694900
2025-03-12,124.1500015258789,125.9000015258789,123.38999938964844,125.55000305175781,1154200
2025-03-13,121.30000305175781,123.41000366210938,121.19000244140625,122.63999938964844,382400
2025-03-14,126.43000030517578,126.7300033569336,125.12000274658203,126.0199966430664,313800
2025-03-17,128.8300018310547,128.89999389648438,126.37000274658203,126.43000030517578,1054600
2025-03-18,129.6699981689453,130.33999633789062,128.97999572753906,130.2100067138672,1206000
2025-03-19,129.07000732421875,129.77999877929688,127.94999694824219,128.2899932861328,554100
2025-03-20,127.2699966430664,127.63999938964844,126.58999633789062,127.16999816894531,782000
2025-03-21,123.97000122070312,124.41000366210938,123.0999984741211,124.1500015258789,610200
2025-03-24,122.08000183105469,122.88999938964844,121.12999725341797,122.0199966430664,143200
2025-03-25,123.98999786376953,124.2699966430664,122.4000015258789,123.16000366210938,165000
2025-03-26,119.76000213623047,121.91000366210938,118.98999786376953,121.5199966430664,199700
2025-03-27,119.30000305175781,120.2300033569336,118.79000091552734,119.01000213623047,204300
2025-03-28,116.9800033569336,117.94999694824219,116.23999786376953,117.44999694824219,180700
2025-03-31,115.37999725341797,115.66000366210938,113.16999816894531,114.23999786376953,148500
2025-04-01,115.7300033569336,116.5199966430664,114.41000366210938,115.5,155200
2025-04-02,116.91999816894531,117.29000091552734,114.0999984741211,114.97000122070312,207900
2025-04-03,108.29000091552734,111.55000305175781,108.2300033569336,110.98999786376953,232600
2025-04-04,99.76000213623047,103.23999786376953,99.4800033569336,102.76000213623047,777600
2025-04-07,97.0999984741211,104.44000244140625,95.56999969482422,96.5,510000
2025-04-08,97.37999725341797,101.66000366210938,96.93000030517578,101.5,48405
